filename,size_bytes,sha256
"cities.csv",296796,"58bd744eb7503fd37d87d70e63882db5cb160d6b58a6248a64b214e8c2aadd00"
"coaches.csv",253837,"2450fbd640a213f9f526ffc42829fb2a1c875a8f4c4038befcc71cf35fc15f66"
"continents.csv",335,"9a6823f9099994048e3760698da41c92e483867bec3397f0c2c4cd1a9cc7250a"
"divisions.csv",1069,"3c3455fccb3ca4eb28f9a5703c43b1566cca713a88499ae9d8060c276ca2cad4"
"game_logs.csv",222346334,"0fa2d87bca7d882cd42c09ab4825b5e08aa26591ced6341a879b03f5cfc953ce"
"games.csv",676549,"671f2e02127a4462f03dd606f054d5cec5256aedc2579c85010add4c10b0ccce"
"games_score.csv",1204729,"accc47d55056f5368c824ade2c7376d7cc9c2a07706a57c1e77c1ddcc1251101"
"human_manager_history.csv",1009,"1baa85e8186ef4bf4c32c4bb61edf937ac3414fa4b9bb18d767286fe256cbe3d"
"human_manager_history_batting_stats.csv",3581,"17706e246aedbd5f85a72266bd563fdf37333a11cc47dea7306f0d6e0b75eeb8"
"human_manager_history_fielding_stats_stats.csv",2091,"6a26b1c2f3f8a41125225e640af6e2bc1bf0b40ae3522e1b457291aa1b398072"
"human_manager_history_financials.csv",1875,"05ae4173ed28b87e59f948d3dd28a4f03e72af22494eea415109c93ebf97b518"
"human_manager_history_pitching_stats.csv",6974,"d05ce1238f20c5f23efc950b4f91770157e7037096b121126583d897b6cb0469"
"human_manager_history_record.csv",1175,"abde9f1efe1cc0e46c2a57d59081873860453b997af6501c701b1fff8f8891d0"
"human_managers.csv",551,"5d969fd8359eac4231eddfbcf74132faf7a3d6956a0764ef437a7ff619bfd26d"
"language_data.csv",4724,"8fe48bc9a8921e3e31491e6c23eaeb51d06b949e725d8ccf2b266887b0d6e3d9"
"languages.csv",603,"0a08533dd9b8648b1ee2ecd1e804c07ab7e89a63b5524f800c7e8ddffd5fc66f"
"league_events.csv",19434,"be4dea3cd05e856288276b1a4e980ecde3d1b7fc49eb6167104e011b46e7803a"
"league_history.csv",8093,"c7b4761a3b05edeae1e544951fde9285c9027fc63c65348e96a1a14e8cf4422a"
"league_history_all_star.csv",57730,"af2e3f902d1366aebfe4993ed11fe7fb8ccc1ebfa02a52f7ec919e2d71ba0153"
"league_history_batting_stats.csv",25197,"f26b7cdb376aef5dd0bc641d6cd82b3451c3272d98a8be4b9eee77c5f2d1c573"
"league_history_fielding_stats.csv",23811,"8ba9c29a8b7081889f0bc2e995cab979beafd0f2e45f22332ab2f060d1e8190b"
"league_history_pitching_stats.csv",49160,"0f925f30b39bd72d6d6d8cd6b4310e3944f88555a9d579f65e33bf108176a61b"
"league_playoff_fixtures.csv",82,"88f2755a80f9b806b3b11b1a03f9fbd99ff5f115b7d35dd1adcd2cab55fe36e6"
"league_playoffs.csv",4719,"cbb74db03f1440c7f24a0fcf3ddc0e8a9279c434f17ad01e1a8a0843e8ee9061"
"leagues.csv",8386,"794abb5e99d0618737fd4ca4e025cad24d927079bd6f7c97075caa027505edee"
"messages.csv",14352202,"f93c34c219be4465c3b0307bc9dbb76c45865746de87508260de0114d64fbd2e"
"nations.csv",4275,"1468683ae8ba354376bee8a0153b39f49766787c85a92315287dcb69067874ad"
"parks.csv",55430,"b9b9d31e39db434ddf610fcc9f4db02ac7952ac9c4380d68acfbef89c513c2a6"
"players.csv",3964352,"41876238d714efddd94b79b3b42dda49ae210d396f3e252dc25b40f8f0777a5f"
"players_at_bat_batting_stats.csv",7616233,"901ca1271229fad0a34dbb15b546244d66e3590981d425075ff848ed0eee96e2"
"players_awards.csv",393406,"1517c79c2e3a010296f28ed3483215dd1f8713cac4537309eec843b6719bb09e"
"players_batting.csv",1511197,"4da2046dbc5f5979331e2b84884b9e6b8b982948ad45a321b904c7b96a9c1b52"
"players_career_batting_stats.csv",8891792,"0e6f77475cde21ece7158a1024456fac67c83f6579dcacfa149e6ac413fdae95"
"players_career_fielding_stats.csv",3301515,"c81c0b2b00b73a89a0844590dad3c16d2479b5bb41d716ee401c6ff0edc70697"
"players_career_pitching_stats.csv",9228522,"5371e87c1738c020a65eb0c4b42eb37081cca559116f25d5153d9359288d7509"
"players_contract.csv",770926,"b19910139dfa55b6f5a9d0ed62ef239b61d079a887de9a2ab05eaf6463234369"
"players_contract_extension.csv",739847,"eb1213255bfcd01673e7199efdd43e3d0dfbd2fdcd858db64930bbe8b556a6fd"
"players_fielding.csv",1402376,"d0194cdce9331c8e1d2d59f60e6bfa33c007ba386defa8ad46cedcef17420a82"
"players_game_batting.csv",11539823,"cfc2f1360334dca5e37ce9d434596d912e217a3b8472ff358e2cb5fa34704352"
"players_game_pitching_stats.csv",3801222,"525b5715e78eb2efac0f3301dfa6bd8576ee903634be6c3bfc26bea0dce1e26f"
"players_individual_batting_stats.csv",2514591,"57cecaf684ac42b48bb44be182d425f689857b35cdec1760cf84d76f6876c02f"
"players_injury_history.csv",1094218,"7d6561c3df1f4ef51241a980babd9281f8b6bfc6329cedcdd2384d808c1d7fa9"
"players_league_leader.csv",338182,"ba44a40fd28257ed6323ac2df910069bee7e66afaacd238487d8c0cdbd46c607"
"players_pitching.csv",2182407,"85f6ffdb997b5fa16a4f17d207c54745a44798f0906adf93e83c816e7be487db"
"players_roster_status.csv",680940,"8297fbc0658c519d8bb884b05be0f1ebc3bfaaeb72bfeff80aa08d13ff0cbf02"
"players_salary_history.csv",492925,"3b48cb55a61b4e9ba9b57fda3bb9a736c753c48cbdfb9e6821d3c31f6825b1e6"
"players_scouted_ratings.csv",2905856,"f036bd35ff55c4811b40b9980065011ba8077366b94a42ae4c74367abb34088a"
"players_streak.csv",8603335,"3bcc2abec1ee67cc7258b06c7248229559ec97676128b454170ad4857b4fc40b"
"players_value.csv",1353700,"3aaf9fbd34eea4e83fe55e9873da417b47ae62c598c377ac9f87027b107534d5"
"projected_starting_pitchers.csv",6884,"6fc6ed978cc7decf31e82cbf0c8a25aa2b20f0aee55624f6b4a1acef72a5e84a"
"states.csv",36823,"c2f7564a56665b98d1e2328e9fa7451d3c1118816646aaac844617cc6efbf0ec"
"sub_leagues.csv",476,"c027c99538ea98956378043cf2357b1d6eb46dfd965805f1d3b47f7155717c2a"
"team_affiliations.csv",868,"46a126eb135b7f2aa4ab1f79839c9a34d1d5a05e90e4dda32e6a4eead29706c8"
"team_batting_stats.csv",25651,"21de8ffafc7f8627d6cb622a7fbd8829b2ac5b31c4213c943158bdf8073af105"
"team_bullpen_pitching_stats.csv",47678,"0aefffcae5c30f8bfbd893088107a000b0d81182d7420ef44f2604e79fc20884"
"team_fielding_stats_stats.csv",14735,"5d0e99e8ebdbe119c65374b20cec23d63e635b954bb637a2b02247bc04328e27"
"team_financials.csv",25152,"448ed49b5a6aa1c4ddf1bed22183759efd57dde1be18830af34f9009c1c9451d"
"team_history.csv",93998,"d94291744c4b797f6393538a05a6dca536be3e9d7ce774b0ab3e65af95cd7236"
"team_history_batting_stats.csv",226782,"a8bc5887a32a0774469db28fea01264bc651f01ce38d1c69295e7cb6b4f5e973"
"team_history_fielding_stats_stats.csv",133130,"e930c6efd266da4926388948aa16f55becbccf4f38080aaada304e0a61438d09"
"team_history_financials.csv",171980,"8c7ea34b100dbbd51e1982dd64850b1c647c21a2b4294c809102a802468286b1"
"team_history_pitching_stats.csv",436119,"fe88698368117ab53e655c967865ad627c927a74584571694f8583a5012fed30"
"team_history_record.csv",67922,"60236112ecb07f7e8f5510e541b8099fc2a33bb430b58b9b448a5ea497585f9e"
"team_last_financials.csv",19231,"cee0ecdf68b6d0013458947e7d1d249c833e3ab2692fc76309c79d31ca9b1d1d"
"team_pitching_stats.csv",50212,"57623f96ac7403678ebd7c4dec4b5d6911ea56d140a505d6de3a7e5a21aeae64"
"team_record.csv",6029,"ede520479fe0858f58003337654e292a6f5d20eba2d5edcbf672c5436cc708cd"
"team_relations.csv",1809,"f66b5de5b220205899722c1236c47dd60c04486bf5143bec65183a745eda0927"
"team_roster.csv",123140,"c2a00476733ed4755e1e0fcc55ae0a2bdea144484e464719f071760821b17e44"
"team_roster_staff.csv",5114,"6e37cf8f60e7d8385f1a685fd356b1e6001186e0fa5742bde5d7407693307ae6"
"team_starting_pitching_stats.csv",49015,"fd4a43664e2561b53b21d09465a2a1c1ff6c6f7d89680b08b937e7a5dbe3391c"
"teams.csv",28392,"21e6a928470510bcadcd0d2b3b7d40425b5c97b7a1f75a7aab4ffc59da75e65c"
"trade_history.csv",203597,"7c543a611032720941ac6f244216cb2d4a5dcccc56588d922833fda191f40546"
